<?xml version="1.0" encoding="UTF-8" ?><OccupationalRuleList><OccupationalRule><Id>204</Id><Name>Regla por defecto (default)</Name><Season><StartDate>2022-04-01</StartDate><EndDate>2022-12-31</EndDate><MinimumNights>1</MinimumNights><MinimumNightsOnline>2</MinimumNightsOnline><CheckInDays><WeekDay>MONDAY</WeekDay><WeekDay>TUESDAY</WeekDay><WeekDay>WEDNESDAY</WeekDay><WeekDay>THURSDAY</WeekDay><WeekDay>FRIDAY</WeekDay><WeekDay>SATURDAY</WeekDay><WeekDay>SUNDAY</WeekDay><MonthDay>1</MonthDay><MonthDay>2</MonthDay><MonthDay>3</MonthDay><MonthDay>4</MonthDay><MonthDay>5</MonthDay><MonthDay>6</MonthDay><MonthDay>7</MonthDay><MonthDay>8</MonthDay><MonthDay>9</MonthDay><MonthDay>10</MonthDay><MonthDay>11</MonthDay><MonthDay>12</MonthDay><MonthDay>13</MonthDay><MonthDay>14</MonthDay><MonthDay>15</MonthDay><MonthDay>16</MonthDay><MonthDay>17</MonthDay><MonthDay>18</MonthDay><MonthDay>19</MonthDay><MonthDay>20</MonthDay><MonthDay>21</MonthDay><MonthDay>22</MonthDay><MonthDay>23</MonthDay><MonthDay>24</MonthDay><MonthDay>25</MonthDay><MonthDay>26</MonthDay><MonthDay>27</MonthDay><MonthDay>28</MonthDay><MonthDay>29</MonthDay><MonthDay>30</MonthDay><MonthDay>31</MonthDay></CheckInDays><CheckOutDays><WeekDay>MONDAY</WeekDay><WeekDay>TUESDAY</WeekDay><WeekDay>WEDNESDAY</WeekDay><WeekDay>THURSDAY</WeekDay><WeekDay>FRIDAY</WeekDay><WeekDay>SATURDAY</WeekDay><WeekDay>SUNDAY</WeekDay><MonthDay>1</MonthDay><MonthDay>2</MonthDay><MonthDay>3</MonthDay><MonthDay>4</MonthDay><MonthDay>5</MonthDay><MonthDay>6</MonthDay><MonthDay>7</MonthDay><MonthDay>8</MonthDay><MonthDay>9</MonthDay><MonthDay>10</MonthDay><MonthDay>11</MonthDay><MonthDay>12</MonthDay><MonthDay>13</MonthDay><MonthDay>14</MonthDay><MonthDay>15</MonthDay><MonthDay>16</MonthDay><MonthDay>17</MonthDay><MonthDay>18</MonthDay><MonthDay>19</MonthDay><MonthDay>20</MonthDay><MonthDay>21</MonthDay><MonthDay>22</MonthDay><MonthDay>23</MonthDay><MonthDay>24</MonthDay><MonthDay>25</MonthDay><MonthDay>26</MonthDay><MonthDay>27</MonthDay><MonthDay>28</MonthDay><MonthDay>29</MonthDay><MonthDay>30</MonthDay><MonthDay>31</MonthDay></CheckOutDays></Season><Season><StartDate>2023-01-01</StartDate><EndDate>2023-01-01</EndDate><MinimumNights>1</MinimumNights><MinimumNightsOnline>1</MinimumNightsOnline><CheckInDays><WeekDay>MONDAY</WeekDay><WeekDay>TUESDAY</WeekDay><WeekDay>WEDNESDAY</WeekDay><WeekDay>THURSDAY</WeekDay><WeekDay>FRIDAY</WeekDay><WeekDay>SATURDAY</WeekDay><WeekDay>SUNDAY</WeekDay><MonthDay></MonthDay></CheckInDays><CheckOutDays><WeekDay>MONDAY</WeekDay><WeekDay>TUESDAY</WeekDay><WeekDay>WEDNESDAY</WeekDay><WeekDay>THURSDAY</WeekDay><WeekDay>FRIDAY</WeekDay><WeekDay>SATURDAY</WeekDay><WeekDay>SUNDAY</WeekDay><MonthDay></MonthDay></CheckOutDays></Season></OccupationalRule><OccupationalRule><Id>1169</Id><Name>Regla por defecto (default)</Name><Season><StartDate>2022-03-01</StartDate><EndDate>2022-12-31</EndDate><MinimumNights>1</MinimumNights><MinimumNightsOnline>1</MinimumNightsOnline><CheckInDays><WeekDay>MONDAY</WeekDay><WeekDay>TUESDAY</WeekDay><WeekDay>WEDNESDAY</WeekDay><WeekDay>THURSDAY</WeekDay><WeekDay>FRIDAY</WeekDay><WeekDay>SATURDAY</WeekDay><WeekDay>SUNDAY</WeekDay><MonthDay>1</MonthDay><MonthDay>2</MonthDay><MonthDay>3</MonthDay><MonthDay>4</MonthDay><MonthDay>5</MonthDay><MonthDay>6</MonthDay><MonthDay>7</MonthDay><MonthDay>8</MonthDay><MonthDay>9</MonthDay><MonthDay>10</MonthDay><MonthDay>11</MonthDay><MonthDay>12</MonthDay><MonthDay>13</MonthDay><MonthDay>14</MonthDay><MonthDay>15</MonthDay><MonthDay>16</MonthDay><MonthDay>17</MonthDay><MonthDay>18</MonthDay><MonthDay>19</MonthDay><MonthDay>20</MonthDay><MonthDay>21</MonthDay><MonthDay>22</MonthDay><MonthDay>23</MonthDay><MonthDay>24</MonthDay><MonthDay>25</MonthDay><MonthDay>26</MonthDay><MonthDay>27</MonthDay><MonthDay>28</MonthDay><MonthDay>29</MonthDay><MonthDay>30</MonthDay><MonthDay>31</MonthDay></CheckInDays><CheckOutDays><WeekDay>MONDAY</WeekDay><WeekDay>TUESDAY</WeekDay><WeekDay>WEDNESDAY</WeekDay><WeekDay>THURSDAY</WeekDay><WeekDay>FRIDAY</WeekDay><WeekDay>SATURDAY</WeekDay><WeekDay>SUNDAY</WeekDay><MonthDay>1</MonthDay><MonthDay>2</MonthDay><MonthDay>3</MonthDay><MonthDay>4</MonthDay><MonthDay>5</MonthDay><MonthDay>6</MonthDay><MonthDay>7</MonthDay><MonthDay>8</MonthDay><MonthDay>9</MonthDay><MonthDay>10</MonthDay><MonthDay>11</MonthDay><MonthDay>12</MonthDay><MonthDay>13</MonthDay><MonthDay>14</MonthDay><MonthDay>15</MonthDay><MonthDay>16</MonthDay><MonthDay>17</MonthDay><MonthDay>18</MonthDay><MonthDay>19</MonthDay><MonthDay>20</MonthDay><MonthDay>21</MonthDay><MonthDay>22</MonthDay><MonthDay>23</MonthDay><MonthDay>24</MonthDay><MonthDay>25</MonthDay><MonthDay>26</MonthDay><MonthDay>27</MonthDay><MonthDay>28</MonthDay><MonthDay>29</MonthDay><MonthDay>30</MonthDay><MonthDay>31</MonthDay></CheckOutDays></Season></OccupationalRule><OccupationalRule><Id>1278043</Id><Name>Test</Name><Season><StartDate>2020-04-01</StartDate><EndDate>2025-12-01</EndDate><MinimumNights>1</MinimumNights><MinimumNightsOnline>1</MinimumNightsOnline><MaximumNights>600</MaximumNights><CheckInDays><WeekDay>MONDAY</WeekDay><WeekDay>TUESDAY</WeekDay><WeekDay>WEDNESDAY</WeekDay><WeekDay>THURSDAY</WeekDay><WeekDay>FRIDAY</WeekDay><WeekDay>SATURDAY</WeekDay><WeekDay>SUNDAY</WeekDay><MonthDay></MonthDay></CheckInDays><CheckOutDays><WeekDay>MONDAY</WeekDay><WeekDay>TUESDAY</WeekDay><WeekDay>WEDNESDAY</WeekDay><WeekDay>THURSDAY</WeekDay><WeekDay>FRIDAY</WeekDay><WeekDay>SATURDAY</WeekDay><WeekDay>SUNDAY</WeekDay><MonthDay></MonthDay></CheckOutDays></Season><Season><StartDate>2025-12-02</StartDate><EndDate>2032-12-31</EndDate><MinimumNights>1</MinimumNights><MinimumNightsOnline>1</MinimumNightsOnline><MaximumNights>320</MaximumNights><CheckInDays><WeekDay>MONDAY</WeekDay><WeekDay>TUESDAY</WeekDay><WeekDay>WEDNESDAY</WeekDay><WeekDay>THURSDAY</WeekDay><WeekDay>FRIDAY</WeekDay><WeekDay>SATURDAY</WeekDay><WeekDay>SUNDAY</WeekDay><MonthDay></MonthDay></CheckInDays><CheckOutDays><WeekDay>MONDAY</WeekDay><WeekDay>TUESDAY</WeekDay><WeekDay>WEDNESDAY</WeekDay><WeekDay>THURSDAY</WeekDay><WeekDay>FRIDAY</WeekDay><WeekDay>SATURDAY</WeekDay><WeekDay>SUNDAY</WeekDay><MonthDay></MonthDay></CheckOutDays></Season></OccupationalRule><OccupationalRule><Id>1291655</Id><Name>Booking restrictions by default</Name><Season><StartDate>2021-03-30</StartDate><EndDate>2022-12-31</EndDate><MinimumNights>1</MinimumNights><MinimumNightsOnline>1</MinimumNightsOnline><CheckInDays><WeekDay>MONDAY</WeekDay><WeekDay>TUESDAY</WeekDay><WeekDay>WEDNESDAY</WeekDay><WeekDay>THURSDAY</WeekDay><WeekDay>FRIDAY</WeekDay><WeekDay>SATURDAY</WeekDay><WeekDay>SUNDAY</WeekDay><MonthDay>1</MonthDay><MonthDay>2</MonthDay><MonthDay>3</MonthDay><MonthDay>4</MonthDay><MonthDay>5</MonthDay><MonthDay>6</MonthDay><MonthDay>7</MonthDay><MonthDay>8</MonthDay><MonthDay>9</MonthDay><MonthDay>10</MonthDay><MonthDay>11</MonthDay><MonthDay>12</MonthDay><MonthDay>13</MonthDay><MonthDay>14</MonthDay><MonthDay>15</MonthDay><MonthDay>16</MonthDay><MonthDay>17</MonthDay><MonthDay>18</MonthDay><MonthDay>19</MonthDay><MonthDay>20</MonthDay><MonthDay>21</MonthDay><MonthDay>22</MonthDay><MonthDay>23</MonthDay><MonthDay>24</MonthDay><MonthDay>25</MonthDay><MonthDay>26</MonthDay><MonthDay>27</MonthDay><MonthDay>28</MonthDay><MonthDay>29</MonthDay><MonthDay>30</MonthDay><MonthDay>31</MonthDay></CheckInDays><CheckOutDays><WeekDay>MONDAY</WeekDay><WeekDay>TUESDAY</WeekDay><WeekDay>WEDNESDAY</WeekDay><WeekDay>THURSDAY</WeekDay><WeekDay>FRIDAY</WeekDay><WeekDay>SATURDAY</WeekDay><WeekDay>SUNDAY</WeekDay><MonthDay>1</MonthDay><MonthDay>2</MonthDay><MonthDay>3</MonthDay><MonthDay>4</MonthDay><MonthDay>5</MonthDay><MonthDay>6</MonthDay><MonthDay>7</MonthDay><MonthDay>8</MonthDay><MonthDay>9</MonthDay><MonthDay>10</MonthDay><MonthDay>11</MonthDay><MonthDay>12</MonthDay><MonthDay>13</MonthDay><MonthDay>14</MonthDay><MonthDay>15</MonthDay><MonthDay>16</MonthDay><MonthDay>17</MonthDay><MonthDay>18</MonthDay><MonthDay>19</MonthDay><MonthDay>20</MonthDay><MonthDay>21</MonthDay><MonthDay>22</MonthDay><MonthDay>23</MonthDay><MonthDay>24</MonthDay><MonthDay>25</MonthDay><MonthDay>26</MonthDay><MonthDay>27</MonthDay><MonthDay>28</MonthDay><MonthDay>29</MonthDay><MonthDay>30</MonthDay><MonthDay>31</MonthDay></CheckOutDays></Season></OccupationalRule><OccupationalRule><Id>1292855</Id><Name>Marriott 3-20</Name><Season><StartDate>2022-02-21</StartDate><EndDate>2022-12-31</EndDate><MinimumNights>1</MinimumNights><MinimumNightsOnline>1</MinimumNightsOnline><CheckInDays><WeekDay>MONDAY</WeekDay><WeekDay>TUESDAY</WeekDay><WeekDay>WEDNESDAY</WeekDay><WeekDay>THURSDAY</WeekDay><WeekDay>FRIDAY</WeekDay><WeekDay>SATURDAY</WeekDay><WeekDay>SUNDAY</WeekDay><MonthDay></MonthDay></CheckInDays><CheckOutDays><WeekDay>MONDAY</WeekDay><WeekDay>TUESDAY</WeekDay><WeekDay>WEDNESDAY</WeekDay><WeekDay>THURSDAY</WeekDay><WeekDay>FRIDAY</WeekDay><WeekDay>SATURDAY</WeekDay><WeekDay>SUNDAY</WeekDay><MonthDay></MonthDay></CheckOutDays></Season></OccupationalRule><OccupationalRule><Id>1296562</Id><Name>Rules Ref. 136089</Name><Season><StartDate>2021-10-28</StartDate><EndDate>2022-07-30</EndDate><MinimumNights>1</MinimumNights><MinimumNightsOnline>1</MinimumNightsOnline><CheckInDays><WeekDay>MONDAY</WeekDay><WeekDay>TUESDAY</WeekDay><WeekDay>WEDNESDAY</WeekDay><WeekDay>THURSDAY</WeekDay><WeekDay>FRIDAY</WeekDay><WeekDay>SATURDAY</WeekDay><WeekDay>SUNDAY</WeekDay><MonthDay></MonthDay></CheckInDays><CheckOutDays><WeekDay>MONDAY</WeekDay><WeekDay>TUESDAY</WeekDay><WeekDay>WEDNESDAY</WeekDay><WeekDay>THURSDAY</WeekDay><WeekDay>FRIDAY</WeekDay><WeekDay>SATURDAY</WeekDay><WeekDay>SUNDAY</WeekDay><MonthDay></MonthDay></CheckOutDays></Season></OccupationalRule></OccupationalRuleList>