<?xml version="1.0" encoding="UTF-8" ?><RatesList><AccommodationList><Accommodation><AccommodationId>55705</AccommodationId><Capacity>6</Capacity><Rates><RatePeriod><StartDate>2022-01-26</StartDate><EndDate>2022-02-06</EndDate><RoomOnly><Type>ByAccommodation</Type><Price>30</Price></RoomOnly><Discounts></Discounts><Supplements><SupplementByAdditionalPerson><ApplicableFromNumberPeople>2</ApplicableFromNumberPeople><Supplement>1000.00</Supplement></SupplementByAdditionalPerson></Supplements><Currency>EUR</Currency></RatePeriod></Rates><VAT><Included>1</Included></VAT></Accommodation><Accommodation><AccommodationId>55706</AccommodationId><Capacity>8</Capacity><Rates><RatePeriod><StartDate>2022-01-25</StartDate><EndDate>2022-05-31</EndDate><RoomOnly><Type>ByAccommodation</Type><Price>120</Price></RoomOnly><Discounts></Discounts><Supplements></Supplements><Currency>EUR</Currency></RatePeriod><RatePeriod><StartDate>2022-06-01</StartDate><EndDate>2022-08-31</EndDate><RoomOnly><Type>ByAccommodation</Type><Price>150</Price></RoomOnly><Discounts></Discounts><Supplements></Supplements><Currency>EUR</Currency></RatePeriod><RatePeriod><StartDate>2022-09-01</StartDate><EndDate>2022-10-31</EndDate><RoomOnly><Type>ByAccommodation</Type><Price>135</Price></RoomOnly><Discounts></Discounts><Supplements></Supplements><Currency>EUR</Currency></RatePeriod><RatePeriod><StartDate>2022-11-01</StartDate><EndDate>2022-12-31</EndDate><RoomOnly><Type>ByAccommodation</Type><Price>120</Price></RoomOnly><Discounts></Discounts><Supplements></Supplements><Currency>EUR</Currency></RatePeriod></Rates><VAT><Included>1</Included></VAT></Accommodation><Accommodation><AccommodationId>55707</AccommodationId><Capacity>4</Capacity><Rates><RatePeriod><StartDate>2013-10-07</StartDate><EndDate>2024-10-07</EndDate><RoomOnly><Type>ByAccommodation</Type><Price>150</Price></RoomOnly><Discounts></Discounts><Supplements></Supplements><Currency>EUR</Currency></RatePeriod></Rates><VAT><Included>1</Included></VAT></Accommodation><Accommodation><AccommodationId>55708</AccommodationId><Capacity>3</Capacity><Rates><RatePeriod><StartDate>2022-01-01</StartDate><EndDate>2022-12-31</EndDate><RoomOnly><Type>ByAccommodation</Type><Price>160</Price></RoomOnly><Discounts></Discounts><Supplements><SupplementByAdditionalPerson><ApplicableFromNumberPeople>4</ApplicableFromNumberPeople><Supplement>25.00</Supplement></SupplementByAdditionalPerson></Supplements><Currency>EUR</Currency></RatePeriod><RatePeriod><StartDate>2023-01-01</StartDate><EndDate>2030-05-31</EndDate><RoomOnly><Type>ByAccommodation</Type><Price>500</Price></RoomOnly><Discounts></Discounts><Supplements></Supplements><Currency>EUR</Currency></RatePeriod></Rates><VAT><Included>1</Included></VAT></Accommodation><Accommodation><AccommodationId>55713</AccommodationId><Capacity>5</Capacity><Rates><RatePeriod><StartDate>2022-01-25</StartDate><EndDate>2022-05-31</EndDate><RoomOnly><Type>ByAccommodation</Type><Price>175</Price></RoomOnly><Discounts></Discounts><Supplements></Supplements><Currency>EUR</Currency></RatePeriod><RatePeriod><StartDate>2022-06-01</StartDate><EndDate>2022-08-31</EndDate><RoomOnly><Type>ByAccommodation</Type><Price>225</Price></RoomOnly><Discounts></Discounts><Supplements></Supplements><Currency>EUR</Currency></RatePeriod><RatePeriod><StartDate>2022-09-01</StartDate><EndDate>2022-10-31</EndDate><RoomOnly><Type>ByAccommodation</Type><Price>150</Price></RoomOnly><Discounts></Discounts><Supplements></Supplements><Currency>EUR</Currency></RatePeriod><RatePeriod><StartDate>2022-11-01</StartDate><EndDate>2022-12-31</EndDate><RoomOnly><Type>ByAccommodation</Type><Price>145</Price></RoomOnly><Discounts></Discounts><Supplements></Supplements><Currency>EUR</Currency></RatePeriod></Rates><VAT><Included>1</Included></VAT></Accommodation><Accommodation><AccommodationId>71009</AccommodationId><Capacity>4</Capacity><Rates><RatePeriod><StartDate>2019-03-30</StartDate><EndDate>2022-12-31</EndDate><RoomOnly><Type>ByAccommodation</Type><Price>10</Price></RoomOnly><Discounts></Discounts><Supplements></Supplements><Currency>EUR</Currency></RatePeriod></Rates><VAT><Included>1</Included></VAT></Accommodation><Accommodation><AccommodationId>79375</AccommodationId><Capacity>2</Capacity><Rates><RatePeriod><StartDate>2013-10-07</StartDate><EndDate>2024-10-07</EndDate><RoomOnly><Type>ByAccommodation</Type><Price>150</Price></RoomOnly><Discounts></Discounts><Supplements></Supplements><Currency>EUR</Currency></RatePeriod></Rates><VAT><Included>1</Included></VAT></Accommodation><Accommodation><AccommodationId>102509</AccommodationId><Capacity>1</Capacity><Rates><RatePeriod><StartDate>2019-01-01</StartDate><EndDate>2029-12-31</EndDate><RoomOnly><Type>ByAccommodation</Type><Price>40</Price></RoomOnly><Discounts></Discounts><Supplements><SupplementByAdditionalPerson><ApplicableFromNumberPeople>2</ApplicableFromNumberPeople><Supplement>10.00</Supplement></SupplementByAdditionalPerson></Supplements><Currency>EUR</Currency></RatePeriod></Rates><VAT><Included>1</Included></VAT></Accommodation><Accommodation><AccommodationId>106315</AccommodationId><Capacity>10</Capacity><Rates><RatePeriod><StartDate>2018-08-01</StartDate><EndDate>2028-08-31</EndDate><RoomOnly><Type>ByAccommodation</Type><Price>100</Price></RoomOnly><Discounts></Discounts><Supplements><SupplementByAdditionalPerson><ApplicableFromNumberPeople>7</ApplicableFromNumberPeople><Supplement>50.00</Supplement></SupplementByAdditionalPerson></Supplements><Currency>EUR</Currency></RatePeriod></Rates><VAT><Included>1</Included></VAT></Accommodation><Accommodation><AccommodationId>110477</AccommodationId><Capacity>1</Capacity><Rates><RatePeriod><StartDate>2022-01-01</StartDate><EndDate>2022-12-31</EndDate><RoomOnly><Type>ByAccommodation</Type><Price>160</Price></RoomOnly><Discounts></Discounts><Supplements><SupplementByAdditionalPerson><ApplicableFromNumberPeople>3</ApplicableFromNumberPeople><Supplement>25.00</Supplement></SupplementByAdditionalPerson></Supplements><Currency>EUR</Currency></RatePeriod><RatePeriod><StartDate>2023-01-01</StartDate><EndDate>2030-05-31</EndDate><RoomOnly><Type>ByAccommodation</Type><Price>500</Price></RoomOnly><Discounts></Discounts><Supplements></Supplements><Currency>EUR</Currency></RatePeriod></Rates><VAT><Included>1</Included></VAT></Accommodation><Accommodation><AccommodationId>112927</AccommodationId><Capacity>1</Capacity><Rates><RatePeriod><StartDate>2022-01-25</StartDate><EndDate>2022-05-31</EndDate><RoomOnly><Type>ByAccommodation</Type><Price>120</Price></RoomOnly><Discounts></Discounts><Supplements></Supplements><Currency>EUR</Currency></RatePeriod><RatePeriod><StartDate>2022-06-01</StartDate><EndDate>2022-08-31</EndDate><RoomOnly><Type>ByAccommodation</Type><Price>150</Price></RoomOnly><Discounts></Discounts><Supplements></Supplements><Currency>EUR</Currency></RatePeriod><RatePeriod><StartDate>2022-09-01</StartDate><EndDate>2022-10-31</EndDate><RoomOnly><Type>ByAccommodation</Type><Price>135</Price></RoomOnly><Discounts></Discounts><Supplements></Supplements><Currency>EUR</Currency></RatePeriod><RatePeriod><StartDate>2022-11-01</StartDate><EndDate>2022-12-31</EndDate><RoomOnly><Type>ByAccommodation</Type><Price>120</Price></RoomOnly><Discounts></Discounts><Supplements></Supplements><Currency>EUR</Currency></RatePeriod></Rates><VAT><Included>1</Included></VAT></Accommodation><Accommodation><AccommodationId>137902</AccommodationId><Capacity>10</Capacity><Rates><RatePeriod><StartDate>2008-01-01</StartDate><EndDate>2028-12-31</EndDate><RoomOnly><Type>ByAccommodation</Type><Price>10</Price></RoomOnly><Discounts></Discounts><Supplements></Supplements><Currency>EUR</Currency></RatePeriod></Rates><VAT><Included>1</Included></VAT></Accommodation><Accommodation><AccommodationId>142755</AccommodationId><Capacity>0</Capacity><Rates><RatePeriod><StartDate>2021-10-11</StartDate><EndDate>2024-12-31</EndDate><RoomOnly><Type>ByAccommodation</Type><Price>425</Price></RoomOnly><Discounts></Discounts><Supplements></Supplements><Currency>EUR</Currency></RatePeriod></Rates><VAT><Included>1</Included></VAT></Accommodation><Accommodation><AccommodationId>165711</AccommodationId><Capacity>1</Capacity><Rates><RatePeriod><StartDate>2022-01-26</StartDate><EndDate>2022-02-06</EndDate><RoomOnly><Type>ByAccommodation</Type><Price>30</Price></RoomOnly><Discounts></Discounts><Supplements><SupplementByAdditionalPerson><ApplicableFromNumberPeople>2</ApplicableFromNumberPeople><Supplement>1000.00</Supplement></SupplementByAdditionalPerson></Supplements><Currency>EUR</Currency></RatePeriod></Rates><VAT><Included>1</Included></VAT></Accommodation><Accommodation><AccommodationId>200622</AccommodationId><Capacity>10</Capacity><Rates><RatePeriod><StartDate>2020-08-01</StartDate><EndDate>2022-12-31</EndDate><RoomOnly><Type>ByAccommodation</Type><Price>325</Price></RoomOnly><Discounts></Discounts><Supplements><SupplementByAdditionalPerson><ApplicableFromNumberPeople>2</ApplicableFromNumberPeople><Supplement>25.00</Supplement></SupplementByAdditionalPerson></Supplements><Currency>EUR</Currency></RatePeriod></Rates><VAT><Included>1</Included></VAT></Accommodation><Accommodation><AccommodationId>200624</AccommodationId><Capacity>6</Capacity><Rates><RatePeriod><StartDate>2020-08-01</StartDate><EndDate>2022-12-31</EndDate><RoomOnly><Type>ByAccommodation</Type><Price>325</Price></RoomOnly><Discounts></Discounts><Supplements><SupplementByAdditionalPerson><ApplicableFromNumberPeople>2</ApplicableFromNumberPeople><Supplement>25.00</Supplement></SupplementByAdditionalPerson></Supplements><Currency>EUR</Currency></RatePeriod></Rates><VAT><Included>1</Included></VAT></Accommodation><Accommodation><AccommodationId>200628</AccommodationId><Capacity>6</Capacity><Rates><RatePeriod><StartDate>2020-08-01</StartDate><EndDate>2022-12-31</EndDate><RoomOnly><Type>ByAccommodation</Type><Price>325</Price></RoomOnly><Discounts></Discounts><Supplements><SupplementByAdditionalPerson><ApplicableFromNumberPeople>2</ApplicableFromNumberPeople><Supplement>25.00</Supplement></SupplementByAdditionalPerson></Supplements><Currency>EUR</Currency></RatePeriod></Rates><VAT><Included>1</Included></VAT></Accommodation><Accommodation><AccommodationId>200631</AccommodationId><Capacity>6</Capacity><Rates><RatePeriod><StartDate>2020-08-01</StartDate><EndDate>2022-12-31</EndDate><RoomOnly><Type>ByAccommodation</Type><Price>325</Price></RoomOnly><Discounts></Discounts><Supplements><SupplementByAdditionalPerson><ApplicableFromNumberPeople>2</ApplicableFromNumberPeople><Supplement>25.00</Supplement></SupplementByAdditionalPerson></Supplements><Currency>EUR</Currency></RatePeriod></Rates><VAT><Included>1</Included></VAT></Accommodation><Accommodation><AccommodationId>200633</AccommodationId><Capacity>7</Capacity><Rates><RatePeriod><StartDate>2020-08-01</StartDate><EndDate>2022-12-31</EndDate><RoomOnly><Type>ByAccommodation</Type><Price>325</Price></RoomOnly><Discounts></Discounts><Supplements><SupplementByAdditionalPerson><ApplicableFromNumberPeople>2</ApplicableFromNumberPeople><Supplement>25.00</Supplement></SupplementByAdditionalPerson></Supplements><Currency>EUR</Currency></RatePeriod></Rates><VAT><Included>1</Included></VAT></Accommodation><Accommodation><AccommodationId>200637</AccommodationId><Capacity>7</Capacity><Rates><RatePeriod><StartDate>2020-08-01</StartDate><EndDate>2022-12-31</EndDate><RoomOnly><Type>ByAccommodation</Type><Price>325</Price></RoomOnly><Discounts></Discounts><Supplements><SupplementByAdditionalPerson><ApplicableFromNumberPeople>2</ApplicableFromNumberPeople><Supplement>25.00</Supplement></SupplementByAdditionalPerson></Supplements><Currency>EUR</Currency></RatePeriod></Rates><VAT><Included>1</Included></VAT></Accommodation><Accommodation><AccommodationId>200638</AccommodationId><Capacity>7</Capacity><Rates><RatePeriod><StartDate>2020-08-01</StartDate><EndDate>2022-12-31</EndDate><RoomOnly><Type>ByAccommodation</Type><Price>325</Price></RoomOnly><Discounts></Discounts><Supplements><SupplementByAdditionalPerson><ApplicableFromNumberPeople>2</ApplicableFromNumberPeople><Supplement>25.00</Supplement></SupplementByAdditionalPerson></Supplements><Currency>EUR</Currency></RatePeriod></Rates><VAT><Included>1</Included></VAT></Accommodation><Accommodation><AccommodationId>200650</AccommodationId><Capacity>13</Capacity><Rates><RatePeriod><StartDate>2020-08-01</StartDate><EndDate>2022-12-31</EndDate><RoomOnly><Type>ByAccommodation</Type><Price>325</Price></RoomOnly><Discounts></Discounts><Supplements><SupplementByAdditionalPerson><ApplicableFromNumberPeople>2</ApplicableFromNumberPeople><Supplement>25.00</Supplement></SupplementByAdditionalPerson></Supplements><Currency>EUR</Currency></RatePeriod></Rates><VAT><Included>1</Included></VAT></Accommodation><Accommodation><AccommodationId>200651</AccommodationId><Capacity>13</Capacity><Rates><RatePeriod><StartDate>2020-08-01</StartDate><EndDate>2022-12-31</EndDate><RoomOnly><Type>ByAccommodation</Type><Price>325</Price></RoomOnly><Discounts></Discounts><Supplements><SupplementByAdditionalPerson><ApplicableFromNumberPeople>2</ApplicableFromNumberPeople><Supplement>25.00</Supplement></SupplementByAdditionalPerson></Supplements><Currency>EUR</Currency></RatePeriod></Rates><VAT><Included>1</Included></VAT></Accommodation><Accommodation><AccommodationId>200657</AccommodationId><Capacity>7</Capacity><Rates><RatePeriod><StartDate>2020-08-01</StartDate><EndDate>2022-12-31</EndDate><RoomOnly><Type>ByAccommodation</Type><Price>325</Price></RoomOnly><Discounts></Discounts><Supplements><SupplementByAdditionalPerson><ApplicableFromNumberPeople>2</ApplicableFromNumberPeople><Supplement>25.00</Supplement></SupplementByAdditionalPerson></Supplements><Currency>EUR</Currency></RatePeriod></Rates><VAT><Included>1</Included></VAT></Accommodation><Accommodation><AccommodationId>200659</AccommodationId><Capacity>7</Capacity><Rates><RatePeriod><StartDate>2020-08-01</StartDate><EndDate>2022-12-31</EndDate><RoomOnly><Type>ByAccommodation</Type><Price>325</Price></RoomOnly><Discounts></Discounts><Supplements><SupplementByAdditionalPerson><ApplicableFromNumberPeople>2</ApplicableFromNumberPeople><Supplement>25.00</Supplement></SupplementByAdditionalPerson></Supplements><Currency>EUR</Currency></RatePeriod></Rates><VAT><Included>1</Included></VAT></Accommodation><Accommodation><AccommodationId>200660</AccommodationId><Capacity>7</Capacity><Rates><RatePeriod><StartDate>2020-08-01</StartDate><EndDate>2022-12-31</EndDate><RoomOnly><Type>ByAccommodation</Type><Price>325</Price></RoomOnly><Discounts></Discounts><Supplements><SupplementByAdditionalPerson><ApplicableFromNumberPeople>2</ApplicableFromNumberPeople><Supplement>25.00</Supplement></SupplementByAdditionalPerson></Supplements><Currency>EUR</Currency></RatePeriod></Rates><VAT><Included>1</Included></VAT></Accommodation><Accommodation><AccommodationId>200673</AccommodationId><Capacity>13</Capacity><Rates><RatePeriod><StartDate>2020-08-01</StartDate><EndDate>2022-12-31</EndDate><RoomOnly><Type>ByAccommodation</Type><Price>325</Price></RoomOnly><Discounts></Discounts><Supplements><SupplementByAdditionalPerson><ApplicableFromNumberPeople>2</ApplicableFromNumberPeople><Supplement>25.00</Supplement></SupplementByAdditionalPerson></Supplements><Currency>EUR</Currency></RatePeriod></Rates><VAT><Included>1</Included></VAT></Accommodation><Accommodation><AccommodationId>200675</AccommodationId><Capacity>10</Capacity><Rates><RatePeriod><StartDate>2020-08-01</StartDate><EndDate>2022-12-31</EndDate><RoomOnly><Type>ByAccommodation</Type><Price>325</Price></RoomOnly><Discounts></Discounts><Supplements><SupplementByAdditionalPerson><ApplicableFromNumberPeople>2</ApplicableFromNumberPeople><Supplement>25.00</Supplement></SupplementByAdditionalPerson></Supplements><Currency>EUR</Currency></RatePeriod></Rates><VAT><Included>1</Included></VAT></Accommodation><Accommodation><AccommodationId>200677</AccommodationId><Capacity>10</Capacity><Rates><RatePeriod><StartDate>2020-08-01</StartDate><EndDate>2022-12-31</EndDate><RoomOnly><Type>ByAccommodation</Type><Price>325</Price></RoomOnly><Discounts></Discounts><Supplements><SupplementByAdditionalPerson><ApplicableFromNumberPeople>2</ApplicableFromNumberPeople><Supplement>25.00</Supplement></SupplementByAdditionalPerson></Supplements><Currency>EUR</Currency></RatePeriod></Rates><VAT><Included>1</Included></VAT></Accommodation><Accommodation><AccommodationId>200682</AccommodationId><Capacity>6</Capacity><Rates><RatePeriod><StartDate>2020-08-01</StartDate><EndDate>2022-12-31</EndDate><RoomOnly><Type>ByAccommodation</Type><Price>325</Price></RoomOnly><Discounts></Discounts><Supplements><SupplementByAdditionalPerson><ApplicableFromNumberPeople>2</ApplicableFromNumberPeople><Supplement>25.00</Supplement></SupplementByAdditionalPerson></Supplements><Currency>EUR</Currency></RatePeriod></Rates><VAT><Included>1</Included></VAT></Accommodation><Accommodation><AccommodationId>200688</AccommodationId><Capacity>7</Capacity><Rates><RatePeriod><StartDate>2020-08-01</StartDate><EndDate>2022-12-31</EndDate><RoomOnly><Type>ByAccommodation</Type><Price>325</Price></RoomOnly><Discounts></Discounts><Supplements><SupplementByAdditionalPerson><ApplicableFromNumberPeople>2</ApplicableFromNumberPeople><Supplement>25.00</Supplement></SupplementByAdditionalPerson></Supplements><Currency>EUR</Currency></RatePeriod></Rates><VAT><Included>1</Included></VAT></Accommodation><Accommodation><AccommodationId>200690</AccommodationId><Capacity>7</Capacity><Rates><RatePeriod><StartDate>2020-08-01</StartDate><EndDate>2022-12-31</EndDate><RoomOnly><Type>ByAccommodation</Type><Price>325</Price></RoomOnly><Discounts></Discounts><Supplements><SupplementByAdditionalPerson><ApplicableFromNumberPeople>2</ApplicableFromNumberPeople><Supplement>25.00</Supplement></SupplementByAdditionalPerson></Supplements><Currency>EUR</Currency></RatePeriod></Rates><VAT><Included>1</Included></VAT></Accommodation><Accommodation><AccommodationId>200691</AccommodationId><Capacity>7</Capacity><Rates><RatePeriod><StartDate>2020-08-01</StartDate><EndDate>2022-12-31</EndDate><RoomOnly><Type>ByAccommodation</Type><Price>325</Price></RoomOnly><Discounts></Discounts><Supplements><SupplementByAdditionalPerson><ApplicableFromNumberPeople>2</ApplicableFromNumberPeople><Supplement>25.00</Supplement></SupplementByAdditionalPerson></Supplements><Currency>EUR</Currency></RatePeriod></Rates><VAT><Included>1</Included></VAT></Accommodation><Accommodation><AccommodationId>200694</AccommodationId><Capacity>7</Capacity><Rates><RatePeriod><StartDate>2020-08-01</StartDate><EndDate>2022-12-31</EndDate><RoomOnly><Type>ByAccommodation</Type><Price>325</Price></RoomOnly><Discounts></Discounts><Supplements><SupplementByAdditionalPerson><ApplicableFromNumberPeople>2</ApplicableFromNumberPeople><Supplement>25.00</Supplement></SupplementByAdditionalPerson></Supplements><Currency>EUR</Currency></RatePeriod></Rates><VAT><Included>1</Included></VAT></Accommodation><Accommodation><AccommodationId>200696</AccommodationId><Capacity>7</Capacity><Rates><RatePeriod><StartDate>2020-08-01</StartDate><EndDate>2022-12-31</EndDate><RoomOnly><Type>ByAccommodation</Type><Price>325</Price></RoomOnly><Discounts></Discounts><Supplements><SupplementByAdditionalPerson><ApplicableFromNumberPeople>2</ApplicableFromNumberPeople><Supplement>25.00</Supplement></SupplementByAdditionalPerson></Supplements><Currency>EUR</Currency></RatePeriod></Rates><VAT><Included>1</Included></VAT></Accommodation><Accommodation><AccommodationId>200702</AccommodationId><Capacity>10</Capacity><Rates><RatePeriod><StartDate>2020-08-01</StartDate><EndDate>2022-12-31</EndDate><RoomOnly><Type>ByAccommodation</Type><Price>325</Price></RoomOnly><Discounts></Discounts><Supplements><SupplementByAdditionalPerson><ApplicableFromNumberPeople>2</ApplicableFromNumberPeople><Supplement>25.00</Supplement></SupplementByAdditionalPerson></Supplements><Currency>EUR</Currency></RatePeriod></Rates><VAT><Included>1</Included></VAT></Accommodation><Accommodation><AccommodationId>200704</AccommodationId><Capacity>10</Capacity><Rates><RatePeriod><StartDate>2020-08-01</StartDate><EndDate>2022-12-31</EndDate><RoomOnly><Type>ByAccommodation</Type><Price>325</Price></RoomOnly><Discounts></Discounts><Supplements><SupplementByAdditionalPerson><ApplicableFromNumberPeople>2</ApplicableFromNumberPeople><Supplement>25.00</Supplement></SupplementByAdditionalPerson></Supplements><Currency>EUR</Currency></RatePeriod></Rates><VAT><Included>1</Included></VAT></Accommodation><Accommodation><AccommodationId>200706</AccommodationId><Capacity>6</Capacity><Rates><RatePeriod><StartDate>2020-08-01</StartDate><EndDate>2022-12-31</EndDate><RoomOnly><Type>ByAccommodation</Type><Price>325</Price></RoomOnly><Discounts></Discounts><Supplements><SupplementByAdditionalPerson><ApplicableFromNumberPeople>2</ApplicableFromNumberPeople><Supplement>25.00</Supplement></SupplementByAdditionalPerson></Supplements><Currency>EUR</Currency></RatePeriod></Rates><VAT><Included>1</Included></VAT></Accommodation><Accommodation><AccommodationId>200711</AccommodationId><Capacity>7</Capacity><Rates><RatePeriod><StartDate>2020-08-01</StartDate><EndDate>2022-12-31</EndDate><RoomOnly><Type>ByAccommodation</Type><Price>325</Price></RoomOnly><Discounts></Discounts><Supplements><SupplementByAdditionalPerson><ApplicableFromNumberPeople>2</ApplicableFromNumberPeople><Supplement>25.00</Supplement></SupplementByAdditionalPerson></Supplements><Currency>EUR</Currency></RatePeriod></Rates><VAT><Included>1</Included></VAT></Accommodation><Accommodation><AccommodationId>200712</AccommodationId><Capacity>7</Capacity><Rates><RatePeriod><StartDate>2020-08-01</StartDate><EndDate>2022-12-31</EndDate><RoomOnly><Type>ByAccommodation</Type><Price>325</Price></RoomOnly><Discounts></Discounts><Supplements><SupplementByAdditionalPerson><ApplicableFromNumberPeople>2</ApplicableFromNumberPeople><Supplement>25.00</Supplement></SupplementByAdditionalPerson></Supplements><Currency>EUR</Currency></RatePeriod></Rates><VAT><Included>1</Included></VAT></Accommodation><Accommodation><AccommodationId>200713</AccommodationId><Capacity>7</Capacity><Rates><RatePeriod><StartDate>2020-08-01</StartDate><EndDate>2022-12-31</EndDate><RoomOnly><Type>ByAccommodation</Type><Price>325</Price></RoomOnly><Discounts></Discounts><Supplements><SupplementByAdditionalPerson><ApplicableFromNumberPeople>2</ApplicableFromNumberPeople><Supplement>25.00</Supplement></SupplementByAdditionalPerson></Supplements><Currency>EUR</Currency></RatePeriod></Rates><VAT><Included>1</Included></VAT></Accommodation><Accommodation><AccommodationId>200719</AccommodationId><Capacity>10</Capacity><Rates><RatePeriod><StartDate>2020-08-01</StartDate><EndDate>2022-12-31</EndDate><RoomOnly><Type>ByAccommodation</Type><Price>325</Price></RoomOnly><Discounts></Discounts><Supplements><SupplementByAdditionalPerson><ApplicableFromNumberPeople>2</ApplicableFromNumberPeople><Supplement>25.00</Supplement></SupplementByAdditionalPerson></Supplements><Currency>EUR</Currency></RatePeriod></Rates><VAT><Included>1</Included></VAT></Accommodation><Accommodation><AccommodationId>200724</AccommodationId><Capacity>10</Capacity><Rates><RatePeriod><StartDate>2020-08-01</StartDate><EndDate>2022-12-31</EndDate><RoomOnly><Type>ByAccommodation</Type><Price>325</Price></RoomOnly><Discounts></Discounts><Supplements><SupplementByAdditionalPerson><ApplicableFromNumberPeople>2</ApplicableFromNumberPeople><Supplement>25.00</Supplement></SupplementByAdditionalPerson></Supplements><Currency>EUR</Currency></RatePeriod></Rates><VAT><Included>1</Included></VAT></Accommodation><Accommodation><AccommodationId>200726</AccommodationId><Capacity>7</Capacity><Rates><RatePeriod><StartDate>2020-08-01</StartDate><EndDate>2022-12-31</EndDate><RoomOnly><Type>ByAccommodation</Type><Price>325</Price></RoomOnly><Discounts></Discounts><Supplements><SupplementByAdditionalPerson><ApplicableFromNumberPeople>2</ApplicableFromNumberPeople><Supplement>25.00</Supplement></SupplementByAdditionalPerson></Supplements><Currency>EUR</Currency></RatePeriod></Rates><VAT><Included>1</Included></VAT></Accommodation><Accommodation><AccommodationId>200727</AccommodationId><Capacity>7</Capacity><Rates><RatePeriod><StartDate>2020-08-01</StartDate><EndDate>2022-12-31</EndDate><RoomOnly><Type>ByAccommodation</Type><Price>325</Price></RoomOnly><Discounts></Discounts><Supplements><SupplementByAdditionalPerson><ApplicableFromNumberPeople>2</ApplicableFromNumberPeople><Supplement>25.00</Supplement></SupplementByAdditionalPerson></Supplements><Currency>EUR</Currency></RatePeriod></Rates><VAT><Included>1</Included></VAT></Accommodation><Accommodation><AccommodationId>200728</AccommodationId><Capacity>7</Capacity><Rates><RatePeriod><StartDate>2020-08-01</StartDate><EndDate>2022-12-31</EndDate><RoomOnly><Type>ByAccommodation</Type><Price>325</Price></RoomOnly><Discounts></Discounts><Supplements><SupplementByAdditionalPerson><ApplicableFromNumberPeople>2</ApplicableFromNumberPeople><Supplement>25.00</Supplement></SupplementByAdditionalPerson></Supplements><Currency>EUR</Currency></RatePeriod></Rates><VAT><Included>1</Included></VAT></Accommodation><Accommodation><AccommodationId>217495</AccommodationId><Capacity>1</Capacity><Rates><RatePeriod><StartDate>2008-01-01</StartDate><EndDate>2028-12-31</EndDate><RoomOnly><Type>ByAccommodation</Type><Price>10</Price></RoomOnly><Discounts></Discounts><Supplements></Supplements><Currency>EUR</Currency></RatePeriod></Rates><VAT><Included>1</Included></VAT></Accommodation><Accommodation><AccommodationId>263871</AccommodationId><Capacity>2</Capacity><Rates><RatePeriod><StartDate>2021-10-11</StartDate><EndDate>2024-12-31</EndDate><RoomOnly><Type>ByAccommodation</Type><Price>425</Price></RoomOnly><Discounts></Discounts><Supplements></Supplements><Currency>EUR</Currency></RatePeriod></Rates><VAT><Included>1</Included></VAT></Accommodation><Accommodation><AccommodationId>288017</AccommodationId><Capacity>1</Capacity><Rates><RatePeriod><StartDate>2008-01-01</StartDate><EndDate>2028-12-31</EndDate><RoomOnly><Type>ByAccommodation</Type><Price>10</Price></RoomOnly><Discounts></Discounts><Supplements></Supplements><Currency>EUR</Currency></RatePeriod></Rates><VAT><Included>1</Included></VAT></Accommodation><Accommodation><AccommodationId>288028</AccommodationId><Capacity>4</Capacity><Rates><RatePeriod><StartDate>2019-01-01</StartDate><EndDate>2022-12-31</EndDate><RoomOnly><Type>ByAccommodation</Type><Price>50</Price></RoomOnly><Discounts></Discounts><Supplements></Supplements><Currency>EUR</Currency></RatePeriod></Rates><VAT><Included>1</Included></VAT></Accommodation><Accommodation><AccommodationId>315117</AccommodationId><Capacity>12</Capacity><Rates><RatePeriod><StartDate>2008-01-01</StartDate><EndDate>2028-12-31</EndDate><RoomOnly><Type>ByAccommodation</Type><Price>10</Price></RoomOnly><Discounts></Discounts><Supplements></Supplements><Currency>EUR</Currency></RatePeriod></Rates><VAT><Included>1</Included></VAT></Accommodation><Accommodation><AccommodationId>315124</AccommodationId><Capacity>1</Capacity><Rates><RatePeriod><StartDate>2008-01-01</StartDate><EndDate>2028-12-31</EndDate><RoomOnly><Type>ByAccommodation</Type><Price>10</Price></RoomOnly><Discounts></Discounts><Supplements></Supplements><Currency>EUR</Currency></RatePeriod></Rates><VAT><Included>1</Included></VAT></Accommodation><Accommodation><AccommodationId>107076</AccommodationId><Capacity>8</Capacity><Rates><RatePeriod><StartDate>2021-06-01</StartDate><EndDate>2025-06-30</EndDate><RoomOnly><Type>ByAccommodation</Type><Price>50</Price></RoomOnly><Discounts></Discounts><Supplements></Supplements><Currency>EUR</Currency></RatePeriod></Rates><VAT><Included>1</Included></VAT></Accommodation><Accommodation><AccommodationId>128498</AccommodationId><Capacity>1</Capacity><Rates><RatePeriod><StartDate>2021-06-14</StartDate><EndDate>2025-10-01</EndDate><RoomOnly><Type>ByAccommodation</Type><Price>100</Price></RoomOnly><Discounts></Discounts><Supplements><SupplementByAdditionalPerson><ApplicableFromNumberPeople>2</ApplicableFromNumberPeople><Supplement>10.00</Supplement></SupplementByAdditionalPerson></Supplements><Currency>EUR</Currency></RatePeriod></Rates><VAT><Included>1</Included></VAT></Accommodation><Accommodation><AccommodationId>136089</AccommodationId><Capacity>4</Capacity><Rates><RatePeriod><StartDate>2022-01-02</StartDate><EndDate>2022-04-14</EndDate><RoomOnly><Type>ByAccommodation</Type><Price>130</Price></RoomOnly><Discounts></Discounts><Supplements></Supplements><Currency>EUR</Currency></RatePeriod><RatePeriod><StartDate>2022-04-15</StartDate><EndDate>2022-04-15</EndDate><RoomOnly><Type>ByAccommodation</Type><Price>151</Price></RoomOnly><Discounts></Discounts><Supplements></Supplements><Currency>EUR</Currency></RatePeriod><RatePeriod><StartDate>2022-04-16</StartDate><EndDate>2022-04-16</EndDate><RoomOnly><Type>ByAccommodation</Type><Price>158</Price></RoomOnly><Discounts></Discounts><Supplements></Supplements><Currency>EUR</Currency></RatePeriod><RatePeriod><StartDate>2022-04-17</StartDate><EndDate>2022-07-29</EndDate><RoomOnly><Type>ByAccommodation</Type><Price>130</Price></RoomOnly><Discounts></Discounts><Supplements></Supplements><Currency>EUR</Currency></RatePeriod><RatePeriod><StartDate>2022-07-30</StartDate><EndDate>2024-07-27</EndDate><RoomOnly><Type>ByAccommodation</Type><Price>39</Price></RoomOnly><Discounts></Discounts><Supplements></Supplements><Currency>EUR</Currency></RatePeriod></Rates><VAT><Included>1</Included></VAT></Accommodation><Accommodation><AccommodationId>141155</AccommodationId><Capacity>5</Capacity><Rates><RatePeriod><StartDate>2021-04-01</StartDate><EndDate>2023-04-30</EndDate><RoomOnly><Type>ByAccommodation</Type><Price>45</Price></RoomOnly><Discounts></Discounts><Supplements><SupplementByAdditionalPerson><ApplicableFromNumberPeople>2</ApplicableFromNumberPeople><Supplement>25.00</Supplement></SupplementByAdditionalPerson></Supplements><Currency>EUR</Currency></RatePeriod></Rates><VAT><Included>1</Included></VAT></Accommodation><Accommodation><AccommodationId>229510</AccommodationId><Capacity>4</Capacity><Rates><RatePeriod><StartDate>2019-12-01</StartDate><EndDate>2022-12-31</EndDate><RoomOnly><Type>ByAccommodation</Type><Price>75</Price></RoomOnly><Discounts></Discounts><Supplements><SupplementByAdditionalPerson><ApplicableFromNumberPeople>2</ApplicableFromNumberPeople><Supplement>5.00</Supplement></SupplementByAdditionalPerson></Supplements><Currency>EUR</Currency></RatePeriod></Rates><VAT><Included>1</Included></VAT></Accommodation><Accommodation><AccommodationId>255552</AccommodationId><Capacity>10</Capacity><Rates><RatePeriod><StartDate>2025-08-14</StartDate><EndDate>2025-08-31</EndDate><RoomOnly><Type>ByAccommodation</Type><Price>50</Price></RoomOnly><Discounts></Discounts><Supplements></Supplements><Currency>EUR</Currency></RatePeriod></Rates><VAT><Included>1</Included></VAT></Accommodation><Accommodation><AccommodationId>269980</AccommodationId><Capacity>1</Capacity><Rates><RatePeriod><StartDate>2018-12-17</StartDate><EndDate>2028-12-31</EndDate><RoomOnly><Type>ByAccommodation</Type><Price>288</Price></RoomOnly><Discounts></Discounts><Supplements></Supplements><Currency>EUR</Currency></RatePeriod></Rates><VAT><Included>1</Included></VAT></Accommodation><Accommodation><AccommodationId>275962</AccommodationId><Capacity>2</Capacity><Rates><RatePeriod><StartDate>2022-01-01</StartDate><EndDate>2022-01-31</EndDate><RoomOnly><Type>ByAccommodation</Type><Price>50</Price></RoomOnly><Discounts></Discounts><Supplements><SupplementByAdditionalPerson><ApplicableFromNumberPeople>2</ApplicableFromNumberPeople><Supplement>5.00</Supplement></SupplementByAdditionalPerson></Supplements><Currency>EUR</Currency></RatePeriod></Rates><VAT><Included>1</Included></VAT></Accommodation><Accommodation><AccommodationId>344938</AccommodationId><Capacity>4</Capacity><Rates><RatePeriod><StartDate>2022-01-01</StartDate><EndDate>2025-05-05</EndDate><RoomOnly><Type>ByAccommodation</Type><Price>6003</Price></RoomOnly><Discounts></Discounts><Supplements></Supplements><Currency>EUR</Currency></RatePeriod></Rates><VAT><Included>1</Included></VAT></Accommodation><Accommodation><AccommodationId>346746</AccommodationId><Capacity>6</Capacity><Rates><RatePeriod><StartDate>2021-01-01</StartDate><EndDate>2022-12-31</EndDate><RoomOnly><Type>ByAccommodation</Type><Price>95</Price></RoomOnly><Discounts></Discounts><Supplements></Supplements><Currency>EUR</Currency></RatePeriod></Rates><VAT><Included>1</Included></VAT></Accommodation><Accommodation><AccommodationId>347138</AccommodationId><Capacity>1</Capacity><Rates><RatePeriod><StartDate>2021-01-01</StartDate><EndDate>2022-12-31</EndDate><RoomOnly><Type>ByAccommodation</Type><Price>95</Price></RoomOnly><Discounts></Discounts><Supplements></Supplements><Currency>EUR</Currency></RatePeriod></Rates><VAT><Included>1</Included></VAT></Accommodation><Accommodation><AccommodationId>347253</AccommodationId><Capacity>1</Capacity><Rates><RatePeriod><StartDate>2021-01-01</StartDate><EndDate>2022-12-31</EndDate><RoomOnly><Type>ByAccommodation</Type><Price>95</Price></RoomOnly><Discounts></Discounts><Supplements></Supplements><Currency>EUR</Currency></RatePeriod></Rates><VAT><Included>1</Included></VAT></Accommodation><Accommodation><AccommodationId>351778</AccommodationId><Capacity>6</Capacity><Rates><RatePeriod><StartDate>2021-01-01</StartDate><EndDate>2022-12-31</EndDate><RoomOnly><Type>ByAccommodation</Type><Price>95</Price></RoomOnly><Discounts></Discounts><Supplements></Supplements><Currency>EUR</Currency></RatePeriod></Rates><VAT><Included>1</Included></VAT></Accommodation><Accommodation><AccommodationId>351781</AccommodationId><Capacity>6</Capacity><Rates><RatePeriod><StartDate>2021-01-01</StartDate><EndDate>2022-12-31</EndDate><RoomOnly><Type>ByAccommodation</Type><Price>95</Price></RoomOnly><Discounts></Discounts><Supplements></Supplements><Currency>EUR</Currency></RatePeriod></Rates><VAT><Included>1</Included></VAT></Accommodation></AccommodationList></RatesList>